collection_slug,collection_name,collection_url,asset_id,asset_name,asset_description,asset_contract_date,asset_url,asset_img_url,event_id,event_time,event_auction_type,event_contract_address,event_quantity,event_payment_symbol,event_total_price
boredapeyachtclub,Bored Ape Yacht Club,https://opensea.io/collection/boredapeyachtclub,23139334,,,2021-04-22T03:03:43.731860,https://opensea.io/assets/ethereum/0xbc4ca0eda7647a8ab7c2061c2e118a18a936f13d/6580,https://lh3.googleusercontent.com/5W29qO1b3dvfa_8JFvwGUVE3B2-mOV6rJhtvgxw_PzPA6qNqYLwz6NVFCyWUPM0ZUef-y_A09pVQDZ0c4jtrg-E4oGYs_KMg_1Os,6945820418,2022-06-18T11:33:09.673345,,0x7f268357a8c2552623316e2562d90e642bb538e5,1,ETH,124720.18
boredapeyachtclub,Bored Ape Yacht Club,https://opensea.io/collection/boredapeyachtclub,23133865,,,2021-04-22T03:03:43.731860,https://opensea.io/assets/ethereum/0xbc4ca0eda7647a8ab7c2061c2e118a18a936f13d/2882,https://lh3.googleusercontent.com/1ZjgkB8rG2TbAugDJPFO6OXiPcIOwOTCOeYTRnANSQK9g5sWWhBSD0fpPLcm_bnkQPXZvH-oK-_1HF0AatMjpN3V1G6bFEutp5ekxg,6942109279,2022-06-18T04:03:37.328249,,0x7f268357a8c2552623316e2562d90e642bb538e5,1,ETH,210777.11
boredapeyachtclub,Bored Ape Yacht Club,https://opensea.io/collection/boredapeyachtclub,23138730,,,2021-04-22T03:03:43.731860,https://opensea.io/assets/ethereum/0xbc4ca0eda7647a8ab7c2061c2e118a18a936f13d/6172,https://lh3.googleusercontent.com/cIsNXHVL_gx8vBFq-3t_COjeb638JRNzL50uAcnFpnTmFtbyayKDAyKC1f5dznTYQlIbNhYW0iRPWfA2pt9vsPAuDh_9shbT5dLBlBU,6941083201,2022-06-18T02:00:39.019061,,0x7f268357a8c2552623316e2562d90e642bb538e5,1,ETH,168372.25
boredapeyachtclub,Bored Ape Yacht Club,https://opensea.io/collection/boredapeyachtclub,23142556,,,2021-04-22T03:03:43.731860,https://opensea.io/assets/ethereum/0xbc4ca0eda7647a8ab7c2061c2e118a18a936f13d/8971,https://lh3.googleusercontent.com/aE1w14hjVb3IvPPQ_7iPkWt-vmIXYgKslesyT7zmorO9vX2caj1-reNP3uxLi0Px_0dmucmZyD3mR0Kfizbt_J-PPB9oLAjlLfW3eg,6937274566,2022-06-17T17:33:27.493005,,0x7f268357a8c2552623316e2562d90e642bb538e5,1,ETH,142181.01
boredapeyachtclub,Bored Ape Yacht Club,https://opensea.io/collection/boredapeyachtclub,23142802,,,2021-04-22T03:03:43.731860,https://opensea.io/assets/ethereum/0xbc4ca0eda7647a8ab7c2061c2e118a18a936f13d/9177,https://lh3.googleusercontent.com/6XabH0_GgMgph7xZSGhR_lU-1agzfN9cezxkUqF6keZMOEG3BiimgYLYvMQPrJ7sEGNnfpGpiWT90nCHA9C0pp_dvY8wuvTOg3yrfA,6915590649,2022-06-16T05:45:41.648769,,0x7f268357a8c2552623316e2562d90e642bb538e5,1,ETH,117236.97
boredapeyachtclub,Bored Ape Yacht Club,https://opensea.io/collection/boredapeyachtclub,23135674,,,2021-04-22T03:03:43.731860,https://opensea.io/assets/ethereum/0xbc4ca0eda7647a8ab7c2061c2e118a18a936f13d/4072,https://lh3.googleusercontent.com/snhE6vGeCYuRKBl99dOLKDihxZ2oip-Rxwb6kZsq8zBnulV9h_TBIglMbnHKSAF0bf1bNyTCL-kLvLhBnLu42Nm9xqR7idDfElmXLA,6913880458,2022-06-16T03:40:53.554715,,0x7f268357a8c2552623316e2562d90e642bb538e5,1,ETH,124333.55
boredapeyachtclub,Bored Ape Yacht Club,https://opensea.io/collection/boredapeyachtclub,23140803,,,2021-04-22T03:03:43.731860,https://opensea.io/assets/ethereum/0xbc4ca0eda7647a8ab7c2061c2e118a18a936f13d/7544,https://lh3.googleusercontent.com/zPmIrPrluN4d7NcB-c8j-m_mjuyc6osd6IlOGjZNeyjgzX23x6CrjMk1jPkGJ3amcSMj3KZNsndBQQ70jpbrZpUBQis5GF1V8duOrA,6912656126,2022-06-16T02:05:33.566424,,0x7f268357a8c2552623316e2562d90e642bb538e5,1,ETH,143428.21
boredapeyachtclub,Bored Ape Yacht Club,https://opensea.io/collection/boredapeyachtclub,23142201,,,2021-04-22T03:03:43.731860,https://opensea.io/assets/ethereum/0xbc4ca0eda7647a8ab7c2061c2e118a18a936f13d/8639,https://lh3.googleusercontent.com/kSd-J3spIDLqHMiQKGkvHuCCmUoAK4lU7ji1CQhNTOraMOloMGlgAMYOZLhzp4F2Tz1dh-haDZCj1GDo1X5DCs9hjHZ9kJMX0YZ_Kg,6910361041,2022-06-15T22:43:38.817105,,0x7f268357a8c2552623316e2562d90e642bb538e5,1,ETH,170866.65
boredapeyachtclub,Bored Ape Yacht Club,https://opensea.io/collection/boredapeyachtclub,23139792,,,2021-04-22T03:03:43.731860,https://opensea.io/assets/ethereum/0xbc4ca0eda7647a8ab7c2061c2e118a18a936f13d/6853,https://lh3.googleusercontent.com/cppsrlt-PdOelvemxUf8CRS-f1aautZcmcoIbBJOn9lLP4aITWLMCgh5u8N7N7RYn9B6sgSddBmoHXuJhKBk1m_1dyf0Krr_UM7r,6901022482,2022-06-15T10:32:11.507152,,0x7f268357a8c2552623316e2562d90e642bb538e5,1,ETH,159641.83
boredapeyachtclub,Bored Ape Yacht Club,https://opensea.io/collection/boredapeyachtclub,23135410,,,2021-04-22T03:03:43.731860,https://opensea.io/assets/ethereum/0xbc4ca0eda7647a8ab7c2061c2e118a18a936f13d/3868,https://lh3.googleusercontent.com/4gWLagU0YhNNnOdPKNqdDmiae46eahAT8yoY0VEBAR5eSluWDxRYtljQifZZd3y6Dna5uQna49G-DJx6xLAl0uKYExgLTnHt3DM7dA,6899294391,2022-06-15T08:36:59.620081,,0x7f268357a8c2552623316e2562d90e642bb538e5,1,USDC,105000.0
boredapeyachtclub,Bored Ape Yacht Club,https://opensea.io/collection/boredapeyachtclub,23118328,,,2021-04-22T03:03:43.731860,https://opensea.io/assets/ethereum/0xbc4ca0eda7647a8ab7c2061c2e118a18a936f13d/719,https://lh3.googleusercontent.com/N8HPv8ENvHAHjzdQC-NuVJ1QmcO9iNkmm6dau-3778F3vv3QfzJ75IiagJcvdp6rSUWpJyulvdosvze3LODjnMlO84AWpLrEG8YTwQ,6893885953,2022-06-15T02:36:49.482682,,0x7f268357a8c2552623316e2562d90e642bb538e5,1,ETH,124720.18
boredapeyachtclub,Bored Ape Yacht Club,https://opensea.io/collection/boredapeyachtclub,22882176,,,2021-04-22T03:03:43.731860,https://opensea.io/assets/ethereum/0xbc4ca0eda7647a8ab7c2061c2e118a18a936f13d/192,https://lh3.googleusercontent.com/Gb19TV0Mr7KEjh1-j-qtU8AvT4OyaDufL0O9bdQ8irrSh5ZbExje8-p33duq40wQMUqUpQgWbeswCgQZbI5RAppbuSRata9wTtNjWQ,6893334245,2022-06-15T02:05:08.703933,,0x7f268357a8c2552623316e2562d90e642bb538e5,1,ETH,142168.54
boredapeyachtclub,Bored Ape Yacht Club,https://opensea.io/collection/boredapeyachtclub,23140778,,,2021-04-22T03:03:43.731860,https://opensea.io/assets/ethereum/0xbc4ca0eda7647a8ab7c2061c2e118a18a936f13d/7537,https://lh3.googleusercontent.com/UNN71UCVx-pEVxTp1A7M8bG3YEVgHsxnkSd0zIetDycnBwk2KC7yaeVzXiqx12wozqSaWArqezo9MoH3Y4Jo_0p4aoKGm-3S97gTIg,6891230265,2022-06-14T23:35:18.152690,,0x7f268357a8c2552623316e2562d90e642bb538e5,1,ETH,1277134.68
boredapeyachtclub,Bored Ape Yacht Club,https://opensea.io/collection/boredapeyachtclub,23139964,,,2021-04-22T03:03:43.731860,https://opensea.io/assets/ethereum/0xbc4ca0eda7647a8ab7c2061c2e118a18a936f13d/6991,https://lh3.googleusercontent.com/Bl4pR_Cbxf704__tO_MB2a0k3GqVQz8f8SvLH9TBnez2PSeo9zbOMkM7oLHN5DrQtP2uG6kdqfHbdJXVaaSiNKIx42pRbU5ys-Ct,6889596490,2022-06-14T21:39:55.201671,,0x7f268357a8c2552623316e2562d90e642bb538e5,1,ETH,113495.37
boredapeyachtclub,Bored Ape Yacht Club,https://opensea.io/collection/boredapeyachtclub,23137892,,,2021-04-22T03:03:43.731860,https://opensea.io/assets/ethereum/0xbc4ca0eda7647a8ab7c2061c2e118a18a936f13d/5580,https://lh3.googleusercontent.com/2aXQSdNHUtsoMx8MhrTCfE4zNknyHtP80KsGt4u24p5H22fQWQWbcqfk_SOkZfnAxtThZmWiFfpXiBfxSYTnRUuXJ1uckq3K1_B-3g,6888839908,2022-06-14T20:50:37.964922,,0x7f268357a8c2552623316e2562d90e642bb538e5,1,ETH,118484.17
boredapeyachtclub,Bored Ape Yacht Club,https://opensea.io/collection/boredapeyachtclub,23131593,,,2021-04-22T03:03:43.731860,https://opensea.io/assets/ethereum/0xbc4ca0eda7647a8ab7c2061c2e118a18a936f13d/1877,https://lh3.googleusercontent.com/kDP_IMMoeSn0ncvUxNonpwbo5wcugGJl6j5GgtMiEFrdhqKo35EV5Gw8sK8TFDUhsvB0WT1RCk2F9W6iNhqY-N1hgyI-fM7xrid5,6887388593,2022-06-14T19:16:27.490725,,0x7f268357a8c2552623316e2562d90e642bb538e5,1,ETH,109753.76
boredapeyachtclub,Bored Ape Yacht Club,https://opensea.io/collection/boredapeyachtclub,23132062,,,2021-04-22T03:03:43.731860,https://opensea.io/assets/ethereum/0xbc4ca0eda7647a8ab7c2061c2e118a18a936f13d/2045,https://lh3.googleusercontent.com/60C1FoRAwIn3UvCVscl3wPgGR0aXgW30feuK-hG6zV80U62_F7ejvwOmK742QrLuDR9ZBq1IV35sBd-iGfovZgEYhOqSmgrsF-RcfA,6885688551,2022-06-14T17:31:14.373999,,0x7f268357a8c2552623316e2562d90e642bb538e5,1,ETH,102270.55
boredapeyachtclub,Bored Ape Yacht Club,https://opensea.io/collection/boredapeyachtclub,23110442,,,2021-04-22T03:03:43.731860,https://opensea.io/assets/ethereum/0xbc4ca0eda7647a8ab7c2061c2e118a18a936f13d/445,https://lh3.googleusercontent.com/WJXu2fRjo2dvTbwMex8tlNXOAqGfGyWIROS7sbjp4agSaPlj3Pul73KoCduXN5g31s9QoU7KTjN9JG_XMx-A9Femd8Eh4btISSpC1A,6885380572,2022-06-14T17:11:45.144908,,0x7f268357a8c2552623316e2562d90e642bb538e5,1,ETH,106012.16
boredapeyachtclub,Bored Ape Yacht Club,https://opensea.io/collection/boredapeyachtclub,23135410,,,2021-04-22T03:03:43.731860,https://opensea.io/assets/ethereum/0xbc4ca0eda7647a8ab7c2061c2e118a18a936f13d/3868,https://lh3.googleusercontent.com/4gWLagU0YhNNnOdPKNqdDmiae46eahAT8yoY0VEBAR5eSluWDxRYtljQifZZd3y6Dna5uQna49G-DJx6xLAl0uKYExgLTnHt3DM7dA,6884822968,2022-06-14T16:34:26.888692,,0x7f268357a8c2552623316e2562d90e642bb538e5,1,ETH,109753.76
boredapeyachtclub,Bored Ape Yacht Club,https://opensea.io/collection/boredapeyachtclub,23133728,,,2021-04-22T03:03:43.731860,https://opensea.io/assets/ethereum/0xbc4ca0eda7647a8ab7c2061c2e118a18a936f13d/2858,https://lh3.googleusercontent.com/lqz0Lg-du5qDz5lkYhEB4PO5YUOT-16dXZHk41O77BOO6JbEsgc5kxhAoUHwF8fbqzFb1iR-SGVglSlcuS6Bz_wczCUACcD6cxdZ,6884430168,2022-06-14T16:10:03.754849,,0x7f268357a8c2552623316e2562d90e642bb538e5,1,ETH,103517.75
boredapeyachtclub,Bored Ape Yacht Club,https://opensea.io/collection/boredapeyachtclub,23137709,,,2021-04-22T03:03:43.731860,https://opensea.io/assets/ethereum/0xbc4ca0eda7647a8ab7c2061c2e118a18a936f13d/5468,https://lh3.googleusercontent.com/-Ba31Ii_NyTf2O9hox2BuSfCIM1Fc5c-kViwm5H8dSAIRxmtUHvwAZnLvaFj25al6KITmnPlogTFrF3kJIhpkIP6XN4cDdfBYrW-Nc4,6883929441,2022-06-14T15:38:39.645671,,0x7f268357a8c2552623316e2562d90e642bb538e5,1,ETH,123472.98
boredapeyachtclub,Bored Ape Yacht Club,https://opensea.io/collection/boredapeyachtclub,23119152,,,2021-04-22T03:03:43.731860,https://opensea.io/assets/ethereum/0xbc4ca0eda7647a8ab7c2061c2e118a18a936f13d/740,https://lh3.googleusercontent.com/ywfNuqFy0mlvSVGpO82C-Vt2FLtmhR3EuROvRTDs3962Xb4FILoyu_djBQq4yjy5qZlIUJE-OXIjchpg625I4hawNG2TbjwDBfkb,6883695492,2022-06-14T15:24:20.375927,,0x7f268357a8c2552623316e2562d90e642bb538e5,1,ETH,103393.03
boredapeyachtclub,Bored Ape Yacht Club,https://opensea.io/collection/boredapeyachtclub,23137797,,,2021-04-22T03:03:43.731860,https://opensea.io/assets/ethereum/0xbc4ca0eda7647a8ab7c2061c2e118a18a936f13d/5497,https://lh3.googleusercontent.com/Vq3IVS5XuneIYTYVmuJHA-EzQf8ML6Crf895-meL5FjnsGwifgecftK-1J54Z3yniJMzQQFNitddi5ZWUWzB0CXALuBmAO_8E2wa-g,6883163677,2022-06-14T14:51:25.710056,,0x7f268357a8c2552623316e2562d90e642bb538e5,1,ETH,106012.16
boredapeyachtclub,Bored Ape Yacht Club,https://opensea.io/collection/boredapeyachtclub,23122525,,,2021-04-22T03:03:43.731860,https://opensea.io/assets/ethereum/0xbc4ca0eda7647a8ab7c2061c2e118a18a936f13d/918,https://lh3.googleusercontent.com/yV_z0X_3AkXxjmIkJyCyzSpV_xPNbddZc9L4_nLzIf7z3lPo2JBzwkm21GJzqq6ssG3UZ3ogS_BDP3IIRWWSdHBUCri_czziBntnL8E,6882837503,2022-06-14T14:31:11.202735,,0x7f268357a8c2552623316e2562d90e642bb538e5,1,ETH,104764.95
boredapeyachtclub,Bored Ape Yacht Club,https://opensea.io/collection/boredapeyachtclub,23143187,,,2021-04-22T03:03:43.731860,https://opensea.io/assets/ethereum/0xbc4ca0eda7647a8ab7c2061c2e118a18a936f13d/9472,https://lh3.googleusercontent.com/OIifTSjnUcCBeumESbCMlosvEtzK-tBtZqcRKRKJI77t0kSlrJKqZ02aT9Dc9lwfLwuy-Bmr7SoRUFa16BK6MSzs5Wm--djXVFKX,6882675585,2022-06-14T14:20:33.805829,,0x7f268357a8c2552623316e2562d90e642bb538e5,1,ETH,105985.29
boredapeyachtclub,Bored Ape Yacht Club,https://opensea.io/collection/boredapeyachtclub,23135451,,,2021-04-22T03:03:43.731860,https://opensea.io/assets/ethereum/0xbc4ca0eda7647a8ab7c2061c2e118a18a936f13d/3926,https://lh3.googleusercontent.com/JtZzBPGBq1mNv6P9V72dH1uJbJxMeecMo7AZUuwSdxu1RNAmLofer8Hf06HHKoNjNff8L-7A3aTqMJiCswrZLwgWIadzEbFO_Uff,6882632755,2022-06-14T14:17:49.575228,,0x7f268357a8c2552623316e2562d90e642bb538e5,1,ETH,103517.75
boredapeyachtclub,Bored Ape Yacht Club,https://opensea.io/collection/boredapeyachtclub,23143633,,,2021-04-22T03:03:43.731860,https://opensea.io/assets/ethereum/0xbc4ca0eda7647a8ab7c2061c2e118a18a936f13d/9905,https://lh3.googleusercontent.com/BLZQh6284Hm3petbU6Uvi--3qxtUotnTPIGHxUU6UxHRFNo4h12jWGjsizg_lhLzezTenyQ1bLK5tO0Ny2yYgDXxbB0MImI9DPsv,6882525645,2022-06-14T14:10:44.237183,,0x7f268357a8c2552623316e2562d90e642bb538e5,1,ETH,120978.58
boredapeyachtclub,Bored Ape Yacht Club,https://opensea.io/collection/boredapeyachtclub,23139428,,,2021-04-22T03:03:43.731860,https://opensea.io/assets/ethereum/0xbc4ca0eda7647a8ab7c2061c2e118a18a936f13d/6643,https://lh3.googleusercontent.com/9HFvcGwW4kM1AmYHlnGIOL2ihNchI0KYNBDfIGV_5UOzI0HrMsSqFf54KU-oy80iInyalOxC60JmbCRFurBJ88HkXE2FGi6DGq7q,6881656348,2022-06-14T13:16:24.688969,,0x7f268357a8c2552623316e2562d90e642bb538e5,1,ETH,122225.78
boredapeyachtclub,Bored Ape Yacht Club,https://opensea.io/collection/boredapeyachtclub,23121082,,,2021-04-22T03:03:43.731860,https://opensea.io/assets/ethereum/0xbc4ca0eda7647a8ab7c2061c2e118a18a936f13d/823,https://lh3.googleusercontent.com/o5JX0LHDXsawiGjxsPiBfSiPdhAnf_5zj-9VFVfc2hj7E5VKvChD7pv17bLPQdH49h_1QRu0MCssDoAD8dGoAvPwbkdrfBJNp9aTseM,6880098674,2022-06-14T11:42:35.477887,,0x7f268357a8c2552623316e2562d90e642bb538e5,1,ETH,101023.35
boredapeyachtclub,Bored Ape Yacht Club,https://opensea.io/collection/boredapeyachtclub,23132887,,,2021-04-22T03:03:43.731860,https://opensea.io/assets/ethereum/0xbc4ca0eda7647a8ab7c2061c2e118a18a936f13d/2427,https://lh3.googleusercontent.com/F6fU01nfgTpWLaIMsOPqwlViJAT3KCZoZxsTa3N_ZhAQEVvFufqf2dW3aaFhlEC5Ufm0VGx4cqexZGbRDUK_6x--Iz2WipQVtFgsE-Q,6877029992,2022-06-14T08:37:29.919492,,0x7f268357a8c2552623316e2562d90e642bb538e5,1,ETH,103368.09
boredapeyachtclub,Bored Ape Yacht Club,https://opensea.io/collection/boredapeyachtclub,23139866,,,2021-04-22T03:03:43.731860,https://opensea.io/assets/ethereum/0xbc4ca0eda7647a8ab7c2061c2e118a18a936f13d/6918,https://lh3.googleusercontent.com/8BJX85cnttD6GG7IRiDaVOv2asbgcvL9bevx10FafFWIVHWKnqpC8sDXQQ6dwOQmD8B78lHyQbiE6_sNvrg16_NmO95b33YZnzdw,6875604301,2022-06-14T07:10:52.430249,,0x7f268357a8c2552623316e2562d90e642bb538e5,1,ETH,168372.25
boredapeyachtclub,Bored Ape Yacht Club,https://opensea.io/collection/boredapeyachtclub,23139378,,,2021-04-22T03:03:43.731860,https://opensea.io/assets/ethereum/0xbc4ca0eda7647a8ab7c2061c2e118a18a936f13d/6624,https://lh3.googleusercontent.com/BJAuNLg_yxKgYQojnh2wjdRXxoa6_RBO9PA2S__CNbUnxoZ1vl73xB3yOLHIIsV4cVJHj_cEKsCCwtiCbVRh5QE8G0-JKMsGD5trUw,6875509506,2022-06-14T07:04:07.153134,,0x7f268357a8c2552623316e2562d90e642bb538e5,1,ETH,112248.17
boredapeyachtclub,Bored Ape Yacht Club,https://opensea.io/collection/boredapeyachtclub,23134659,,,2021-04-22T03:03:43.731860,https://opensea.io/assets/ethereum/0xbc4ca0eda7647a8ab7c2061c2e118a18a936f13d/3310,https://lh3.googleusercontent.com/IViV7NVPxz1v2L9gjx7jeEuRc88LswukO1aOQ1SBLPY73JC6D4bT5fdp2ZtJZjH10GzZGMYiskHnetihucuRAkHZzzE96wgoZvD2VA,6874722330,2022-06-14T06:12:37.706703,,0x7f268357a8c2552623316e2562d90e642bb538e5,1,ETH,106012.16
boredapeyachtclub,Bored Ape Yacht Club,https://opensea.io/collection/boredapeyachtclub,23131385,,,2021-04-22T03:03:43.731860,https://opensea.io/assets/ethereum/0xbc4ca0eda7647a8ab7c2061c2e118a18a936f13d/1775,https://lh3.googleusercontent.com/Yf97XJDD4QJjwUSUg3PzZZ-7c1vnZguKXr0OGINu2AsjfW1OqkDpHHzLSSWSx8sa97pit9D9Rkmw2_GLt9ByNI2YI0MLKi9SddOs,6874708988,2022-06-14T06:11:40.757306,,0x7f268357a8c2552623316e2562d90e642bb538e5,1,ETH,102270.55
boredapeyachtclub,Bored Ape Yacht Club,https://opensea.io/collection/boredapeyachtclub,23138589,,,2021-04-22T03:03:43.731860,https://opensea.io/assets/ethereum/0xbc4ca0eda7647a8ab7c2061c2e118a18a936f13d/6092,https://lh3.googleusercontent.com/hEW55RdOqyC3aF2ORiJq0RnFLM9Ag13FDYOKAnEbeBPdneAeKm6jjH1B_TjJWmWdjiLpL5THBkxDJaL-tUG9Ls4Hk2xSLd-jg5i8,6874345679,2022-06-14T05:46:35.261026,,0x7f268357a8c2552623316e2562d90e642bb538e5,1,ETH,112248.17
boredapeyachtclub,Bored Ape Yacht Club,https://opensea.io/collection/boredapeyachtclub,22874910,,,2021-04-22T03:03:43.731860,https://opensea.io/assets/ethereum/0xbc4ca0eda7647a8ab7c2061c2e118a18a936f13d/188,https://lh3.googleusercontent.com/QH0Z0qOYLbyjsIUxGnOJ9v3mNDmNcYnKj8Y2RH3ASgE7n4k0LzEIkhOhrycM5zDZi0bFVCXL_qs92d3AuE7YqccT4i8t-2yw756Xlw,6874270225,2022-06-14T05:41:17.426735,,0x7f268357a8c2552623316e2562d90e642bb538e5,1,ETH,102270.55
boredapeyachtclub,Bored Ape Yacht Club,https://opensea.io/collection/boredapeyachtclub,23132611,,,2021-04-22T03:03:43.731860,https://opensea.io/assets/ethereum/0xbc4ca0eda7647a8ab7c2061c2e118a18a936f13d/2288,https://lh3.googleusercontent.com/gYbzaIy8dYEyr7_0IvtEJwd07WwktgwvLfmEBowbWuEvmjXzZc8xF25Vfv2aY4BJy7UdUNUICIpacNFKZGbfrLOW383WbwDBlh5WtrQ,6872941711,2022-06-14T04:12:17.493864,,0x7f268357a8c2552623316e2562d90e642bb538e5,1,ETH,102894.15
boredapeyachtclub,Bored Ape Yacht Club,https://opensea.io/collection/boredapeyachtclub,23131595,,,2021-04-22T03:03:43.731860,https://opensea.io/assets/ethereum/0xbc4ca0eda7647a8ab7c2061c2e118a18a936f13d/1879,https://lh3.googleusercontent.com/Nf2JqRKLS0V9QwqGN-ClynU24JAS0Jo1mvWCtGIYzoP1t1Eb616ETgtPkJxfSDLf8DIQUMXdqfmE_YPVNx_SChty2QxtEs9iAqML,6871878637,2022-06-14T02:53:19.305636,,0x7f268357a8c2552623316e2562d90e642bb538e5,1,ETH,106012.16
boredapeyachtclub,Bored Ape Yacht Club,https://opensea.io/collection/boredapeyachtclub,23137171,,,2021-04-22T03:03:43.731860,https://opensea.io/assets/ethereum/0xbc4ca0eda7647a8ab7c2061c2e118a18a936f13d/5110,https://lh3.googleusercontent.com/OHD7iOjjVbK8ze8i5THuFnDmPDtoMK92EyT-OEOUPLJ_4QTXydkMmI63aS3--1o010aoh7T8Lz1sOd_t80EQxBF4axApVQhyh2XIxd8,6871736735,2022-06-14T02:42:39.818535,,0x7f268357a8c2552623316e2562d90e642bb538e5,1,WETH,75.0
boredapeyachtclub,Bored Ape Yacht Club,https://opensea.io/collection/boredapeyachtclub,23136404,,,2021-04-22T03:03:43.731860,https://opensea.io/assets/ethereum/0xbc4ca0eda7647a8ab7c2061c2e118a18a936f13d/4601,https://lh3.googleusercontent.com/OaH4aDNo5bIfss-83OIBCz9rwYUiHC2loSf5e9pPgxvKlpL_kv--xF1aFqxhx5cbiDKUQblyn2za1QC51sm_VKhf4ZpR29mr4oEVCg,6870911870,2022-06-14T01:39:14.070142,,0x7f268357a8c2552623316e2562d90e642bb538e5,1,WETH,80.0
boredapeyachtclub,Bored Ape Yacht Club,https://opensea.io/collection/boredapeyachtclub,23142501,,,2021-04-22T03:03:43.731860,https://opensea.io/assets/ethereum/0xbc4ca0eda7647a8ab7c2061c2e118a18a936f13d/8940,https://lh3.googleusercontent.com/hqDTCKohcaUhwiJBXFtWxxXy96owMKfawi0bjh-Tc_e_UkktBQU0TtapT3uXD6_O2oa33raOegTIDjpxwPb-LqDLYZHRlJ5MJeDYuA,6869427105,2022-06-13T23:55:16.494296,,0x7f268357a8c2552623316e2562d90e642bb538e5,1,ETH,106012.16
boredapeyachtclub,Bored Ape Yacht Club,https://opensea.io/collection/boredapeyachtclub,22903813,,,2021-04-22T03:03:43.731860,https://opensea.io/assets/ethereum/0xbc4ca0eda7647a8ab7c2061c2e118a18a936f13d/219,https://lh3.googleusercontent.com/Kx8HyXfcpT9FdUme7L9l0IfK40ncC78whVHIVqQqNpQGUWokBWo_FhtQkJddmPjRb7uW9CclqYrgFAq14em_ByoispQ5YldJiW1CHA,6867913358,2022-06-13T22:08:23.818400,,0x7f268357a8c2552623316e2562d90e642bb538e5,1,ETH,104378.32
boredapeyachtclub,Bored Ape Yacht Club,https://opensea.io/collection/boredapeyachtclub,23118101,,,2021-04-22T03:03:43.731860,https://opensea.io/assets/ethereum/0xbc4ca0eda7647a8ab7c2061c2e118a18a936f13d/713,https://lh3.googleusercontent.com/mzqgA8mBVqtXwJJ58XmdckHRrJMRPJ5KrEvfULnPnwz5pBWZ4k_VXbgerNNaDDQ2kRy0TG9VTIqqE-yAfPyMsmZNobdekQAzsHDhOw,6867589826,2022-06-13T21:47:23.400568,,0x7f268357a8c2552623316e2562d90e642bb538e5,1,WETH,88.0
boredapeyachtclub,Bored Ape Yacht Club,https://opensea.io/collection/boredapeyachtclub,23134783,,,2021-04-22T03:03:43.731860,https://opensea.io/assets/ethereum/0xbc4ca0eda7647a8ab7c2061c2e118a18a936f13d/3441,https://lh3.googleusercontent.com/oRXfPdaccCC6ackYgqj9NYrLiEYE0Rs0rMpgGnvzmCYJlr2vGWiiarX2IjtlXxnYz0c53YVs8PcWmLdRUV4h1H1lCZWqE7gRiOTd2w,6866612513,2022-06-13T20:47:19.314974,,0x7f268357a8c2552623316e2562d90e642bb538e5,1,ETH,130956.19
boredapeyachtclub,Bored Ape Yacht Club,https://opensea.io/collection/boredapeyachtclub,23138792,,,2021-04-22T03:03:43.731860,https://opensea.io/assets/ethereum/0xbc4ca0eda7647a8ab7c2061c2e118a18a936f13d/6206,https://lh3.googleusercontent.com/LaB9oUGxId4FVzTeNae-ZBQnhrjiVP_m3w5sHLvPod8MPltv656BlWFkuzy90M2wkTqS-qyC3dTAeHsrcjRM4Za5Jklo13uOZp2L,6866354442,2022-06-13T20:32:23.213100,,0x7f268357a8c2552623316e2562d90e642bb538e5,1,ETH,103505.28
boredapeyachtclub,Bored Ape Yacht Club,https://opensea.io/collection/boredapeyachtclub,23136622,,,2021-04-22T03:03:43.731860,https://opensea.io/assets/ethereum/0xbc4ca0eda7647a8ab7c2061c2e118a18a936f13d/4766,https://lh3.googleusercontent.com/NzpdvWy0bvRYaP5Rv6KyBt3bzN_7o4IBTzP7F3HnB6c13MCbG09sCJg07WDQGlAWtvruU3hoBiQ8KkWbpNGKt9ikdoEbj_JZZW4Btw,6866241440,2022-06-13T20:23:49.355637,,0x7f268357a8c2552623316e2562d90e642bb538e5,1,ETH,112248.17
boredapeyachtclub,Bored Ape Yacht Club,https://opensea.io/collection/boredapeyachtclub,23141322,,,2021-04-22T03:03:43.731860,https://opensea.io/assets/ethereum/0xbc4ca0eda7647a8ab7c2061c2e118a18a936f13d/7944,https://lh3.googleusercontent.com/x_rYSCSZUZh5zEm08T7DS6prsoj95wAEGAyfxgANFvcr_p8y31_WolwEWLM77HUeD5dTUttmC28jgc4I8gitn2xAXqWhPy0rJhor8g,6866205651,2022-06-13T20:12:50.324522,,0x7f268357a8c2552623316e2562d90e642bb538e5,1,ETH,105388.56
boredapeyachtclub,Bored Ape Yacht Club,https://opensea.io/collection/boredapeyachtclub,23141394,,,2021-04-22T03:03:43.731860,https://opensea.io/assets/ethereum/0xbc4ca0eda7647a8ab7c2061c2e118a18a936f13d/8006,https://lh3.googleusercontent.com/4rYH4fbBTKU-Z0mU0reEXqUUMoqljvdWDVnLzeUilqamWYZNIC08PWV3AJGHgyc5JZhQQlNwU0I8ItdJoXHT4EVOgE2sFlzpbVX3,6866205645,2022-06-13T20:12:50.303093,,0x7f268357a8c2552623316e2562d90e642bb538e5,1,ETH,106012.16
boredapeyachtclub,Bored Ape Yacht Club,https://opensea.io/collection/boredapeyachtclub,23137466,,,2021-04-22T03:03:43.731860,https://opensea.io/assets/ethereum/0xbc4ca0eda7647a8ab7c2061c2e118a18a936f13d/5308,https://lh3.googleusercontent.com/zsb197HcH28i2i9rfY1W_AG6X7WPhB_EM7gZ0jvz7_yeWGDG0X9kstOmmfOdnLFG6wLVkip66IXY1xBWwLP4jcOxxlACdAe2XkP1gg,6866200151,2022-06-13T20:11:07.984282,,0x7f268357a8c2552623316e2562d90e642bb538e5,1,ETH,97281.74
boredapeyachtclub,Bored Ape Yacht Club,https://opensea.io/collection/boredapeyachtclub,23138463,,,2021-04-22T03:03:43.731860,https://opensea.io/assets/ethereum/0xbc4ca0eda7647a8ab7c2061c2e118a18a936f13d/5988,https://lh3.googleusercontent.com/bjHJ-hmmKlSvBhuq_ygul3ghA04wS5uT6gGKriwIWfi2y6nKNNKhu3ZnYnt4U0jIL98iAz3L5vgmLb8RTrE0oje290iwyulwFptleQ,6866112189,2022-06-13T19:44:37.622503,,0x7f268357a8c2552623316e2562d90e642bb538e5,1,ETH,94787.34
boredapeyachtclub,Bored Ape Yacht Club,https://opensea.io/collection/boredapeyachtclub,23142225,,,2021-04-22T03:03:43.731860,https://opensea.io/assets/ethereum/0xbc4ca0eda7647a8ab7c2061c2e118a18a936f13d/8687,https://lh3.googleusercontent.com/f4mVukWPKP6pTsrr2AmTn_yI2m7rOnpJZtIo31LHtYDHN756MjxeuClW2t_deIKcdUMsrFtVbg2n6Stk5eO_9y8IUhjbQxqOexrJtg,6865703053,2022-06-13T19:03:23.658265,,0x7f268357a8c2552623316e2562d90e642bb538e5,1,ETH,118437.69
boredapeyachtclub,Bored Ape Yacht Club,https://opensea.io/collection/boredapeyachtclub,23124044,,,2021-04-22T03:03:43.731860,https://opensea.io/assets/ethereum/0xbc4ca0eda7647a8ab7c2061c2e118a18a936f13d/1050,https://lh3.googleusercontent.com/oUYukDFLZvZRSuErMqnNkitsC3rx7BYUcA0GTQiNyrFo7hVTJ7PMvtrgLfeytmPUYx867UvHes2lzFG6L8j2BCO1bubWEvFqQniF3rg,6865632562,2022-06-13T18:59:05.487963,,0x7f268357a8c2552623316e2562d90e642bb538e5,1,ETH,99776.15
boredapeyachtclub,Bored Ape Yacht Club,https://opensea.io/collection/boredapeyachtclub,23139180,,,2021-04-22T03:03:43.731860,https://opensea.io/assets/ethereum/0xbc4ca0eda7647a8ab7c2061c2e118a18a936f13d/6512,https://lh3.googleusercontent.com/X72FvsTP5IYyDsKYFYySsW4q-GyjkZpabvo7s2elTSAFQSoVotdeDCeAJzZQRAKHwbjz8O4hxmUxQ76ZvlBlxnPhc1B-ZDSNojpMEQ,6865527048,2022-06-13T18:52:31.964974,,0x7f268357a8c2552623316e2562d90e642bb538e5,1,ETH,123472.98
boredapeyachtclub,Bored Ape Yacht Club,https://opensea.io/collection/boredapeyachtclub,23141502,,,2021-04-22T03:03:43.731860,https://opensea.io/assets/ethereum/0xbc4ca0eda7647a8ab7c2061c2e118a18a936f13d/8081,https://lh3.googleusercontent.com/E0nMzXGostz6Wle6KVS8YLrFo3ZWuKjUahmBOq4LJIR4ovSfVASoNvgnPLJzS81WNu4iQ8hySloTat9GzsEHypSrEaoQbpJRMTaPTA,6865085171,2022-06-13T18:23:50.294714,,0x7f268357a8c2552623316e2562d90e642bb538e5,1,ETH,100873.68
boredapeyachtclub,Bored Ape Yacht Club,https://opensea.io/collection/boredapeyachtclub,23122676,,,2021-04-22T03:03:43.731860,https://opensea.io/assets/ethereum/0xbc4ca0eda7647a8ab7c2061c2e118a18a936f13d/932,https://lh3.googleusercontent.com/o7e3dxEm7u030JjZmSlng88744CGAa2anw1EAnNxoFiiKJ0nfVfHlPu6O0_6Qb1Evc8LQ3hlqjYmXwEYSO8aoacq9kUpGxrtVALAyQ,6864967413,2022-06-13T18:16:26.796257,,0x7f268357a8c2552623316e2562d90e642bb538e5,1,ETH,101646.95
boredapeyachtclub,Bored Ape Yacht Club,https://opensea.io/collection/boredapeyachtclub,23134171,,,2021-04-22T03:03:43.731860,https://opensea.io/assets/ethereum/0xbc4ca0eda7647a8ab7c2061c2e118a18a936f13d/3032,https://lh3.googleusercontent.com/HOft72zrIBrBmva9E20tf-804108Qxg9-tyraO4Du6r3WgOgteXRIcqyS2xzyCYoKcmvnxgLaDPqPyIhXoBUNf5_pV_EsdR9HkESNQ,6864129608,2022-06-13T17:24:29.551809,,0x7f268357a8c2552623316e2562d90e642bb538e5,1,ETH,97032.3
boredapeyachtclub,Bored Ape Yacht Club,https://opensea.io/collection/boredapeyachtclub,23140410,,,2021-04-22T03:03:43.731860,https://opensea.io/assets/ethereum/0xbc4ca0eda7647a8ab7c2061c2e118a18a936f13d/7296,https://lh3.googleusercontent.com/utRuGUZCdKW794fcRjboy3MfWbvislE0Z2Dp_ZLc2RXlYm2I3p6ng8B7wJaGIggHCojXJ-uFlpY7_pHJIRdMtEkHaC8oF2VkGwgItQ,6862827654,2022-06-13T15:56:14.830096,,0x7f268357a8c2552623316e2562d90e642bb538e5,1,ETH,105388.56
boredapeyachtclub,Bored Ape Yacht Club,https://opensea.io/collection/boredapeyachtclub,23131591,,,2021-04-22T03:03:43.731860,https://opensea.io/assets/ethereum/0xbc4ca0eda7647a8ab7c2061c2e118a18a936f13d/1875,https://lh3.googleusercontent.com/HcRGt_KgofMnf3NXdMISNDMYGN8QEEqRAADLDKvCGBt-B-UICKkqQ0LpNOdSvGd-1DMohNwTWwTCEBvj51Ujpvw-GRuFPgB2z-4rlQ,6862108260,2022-06-13T15:03:31.111476,,0x7f268357a8c2552623316e2562d90e642bb538e5,1,WETH,81.8
boredapeyachtclub,Bored Ape Yacht Club,https://opensea.io/collection/boredapeyachtclub,23139867,,,2021-04-22T03:03:43.731860,https://opensea.io/assets/ethereum/0xbc4ca0eda7647a8ab7c2061c2e118a18a936f13d/6933,https://lh3.googleusercontent.com/l-0V85yCV7j1pprhaPjOuGlAjSACbdjbIFkvTLZA44WjltHVgkCIBmSo5g1tckzzj4_yuTJyEJm_HyQeJQpLzef8kUhaVTNiXWUxNw,6861382716,2022-06-13T14:12:35.225292,,0x7f268357a8c2552623316e2562d90e642bb538e5,1,ETH,94475.54
boredapeyachtclub,Bored Ape Yacht Club,https://opensea.io/collection/boredapeyachtclub,23141233,,,2021-04-22T03:03:43.731860,https://opensea.io/assets/ethereum/0xbc4ca0eda7647a8ab7c2061c2e118a18a936f13d/7873,https://lh3.googleusercontent.com/ZNUtUGWRo9WoaZDjPPRAmlpUPuV4YBut2P-fcyBVL98n8a1jwclxqAHHvD2tGBgag-qFhDp2qL8JNxmTE4R6UulWVByiscpqM1X-Ew,6860968575,2022-06-13T13:43:06.267892,,0x7f268357a8c2552623316e2562d90e642bb538e5,1,WETH,71.0
boredapeyachtclub,Bored Ape Yacht Club,https://opensea.io/collection/boredapeyachtclub,23134178,,,2021-04-22T03:03:43.731860,https://opensea.io/assets/ethereum/0xbc4ca0eda7647a8ab7c2061c2e118a18a936f13d/3041,https://lh3.googleusercontent.com/zyYO-9AFyHlYDT-4KxeUjuvYaKuISUrbmCfPrnHzWX4SRdAd0cMFcnQ-jznzJdNcaPyWJodHaYUHRtaNc8AztEZIx4bx_Vdv3spn,6860938955,2022-06-13T13:40:58.416241,,0x7f268357a8c2552623316e2562d90e642bb538e5,1,ETH,89798.53
boredapeyachtclub,Bored Ape Yacht Club,https://opensea.io/collection/boredapeyachtclub,23142707,,,2021-04-22T03:03:43.731860,https://opensea.io/assets/ethereum/0xbc4ca0eda7647a8ab7c2061c2e118a18a936f13d/9053,https://lh3.googleusercontent.com/_CTVDxmd9XsDRr5quWNB0r9gtevbUPTS97cQsz-z6PWl6V2kFjJsiU_y_kBxjvLDD8EouHee-TN60MLXh9xQ5arjfeIRWFbpPEHTIQ,6860730577,2022-06-13T13:26:03.552178,,0x7f268357a8c2552623316e2562d90e642bb538e5,1,ETH,87304.13
boredapeyachtclub,Bored Ape Yacht Club,https://opensea.io/collection/boredapeyachtclub,23134544,,,2021-04-22T03:03:43.731860,https://opensea.io/assets/ethereum/0xbc4ca0eda7647a8ab7c2061c2e118a18a936f13d/3237,https://lh3.googleusercontent.com/ydCKHqno1eS-wQpug547nZhYXfL6Ow7OY5jRqLG4SNO-c3VShHS4FVQqc5HmZkiurqqcyp6IMmdMHVHAs8ZeH_RJZrp93kCLzIPMwQ,6860687826,2022-06-13T13:22:56.889155,,0x7f268357a8c2552623316e2562d90e642bb538e5,1,ETH,86056.93
boredapeyachtclub,Bored Ape Yacht Club,https://opensea.io/collection/boredapeyachtclub,23139709,,,2021-04-22T03:03:43.731860,https://opensea.io/assets/ethereum/0xbc4ca0eda7647a8ab7c2061c2e118a18a936f13d/6810,https://lh3.googleusercontent.com/Wo5fFjgX-9CZ6Ar7_97_TWaEp9L3Kbs-9GBVvTesN7B0QGEzdJIFxSMXUCHv04zcMV0dzeVSof5xjho2ty_eGRtghxYVHAkKmKCgzQ,6860532376,2022-06-13T13:11:51.360446,,0x7f268357a8c2552623316e2562d90e642bb538e5,1,ETH,101559.65
boredapeyachtclub,Bored Ape Yacht Club,https://opensea.io/collection/boredapeyachtclub,23141322,,,2021-04-22T03:03:43.731860,https://opensea.io/assets/ethereum/0xbc4ca0eda7647a8ab7c2061c2e118a18a936f13d/7944,https://lh3.googleusercontent.com/x_rYSCSZUZh5zEm08T7DS6prsoj95wAEGAyfxgANFvcr_p8y31_WolwEWLM77HUeD5dTUttmC28jgc4I8gitn2xAXqWhPy0rJhor8g,6859145044,2022-06-13T11:20:00.194080,,0x7f268357a8c2552623316e2562d90e642bb538e5,1,WETH,80.0
boredapeyachtclub,Bored Ape Yacht Club,https://opensea.io/collection/boredapeyachtclub,23137195,,,2021-04-22T03:03:43.731860,https://opensea.io/assets/ethereum/0xbc4ca0eda7647a8ab7c2061c2e118a18a936f13d/5143,https://lh3.googleusercontent.com/RngQXa16xZtkxEUxjPaMzz5J5yPInYSXlSXpsXnyKr_VRHFdERHnICCWRoEx9zqZgYFe5GSVotqOuihn7wTnwNNVk8GyeRJCbX6qkg,6858537807,2022-06-13T10:27:57.292810,,0x7f268357a8c2552623316e2562d90e642bb538e5,1,ETH,86917.5
boredapeyachtclub,Bored Ape Yacht Club,https://opensea.io/collection/boredapeyachtclub,23139449,,,2021-04-22T03:03:43.731860,https://opensea.io/assets/ethereum/0xbc4ca0eda7647a8ab7c2061c2e118a18a936f13d/6657,https://lh3.googleusercontent.com/XpXz9C95byTXtWXEYN8THrtyV5bD3uqxFM3c06FkVjIiZkRGLuNPeWHBV96EX3-s15CLAJG-bBTIxjffwqNCMiRX-Fwx2YmVNG30sw,6858463812,2022-06-13T10:22:16.231116,,0x7f268357a8c2552623316e2562d90e642bb538e5,1,WETH,121.0
boredapeyachtclub,Bored Ape Yacht Club,https://opensea.io/collection/boredapeyachtclub,23137734,,,2021-04-22T03:03:43.731860,https://opensea.io/assets/ethereum/0xbc4ca0eda7647a8ab7c2061c2e118a18a936f13d/5474,https://lh3.googleusercontent.com/8SnpcSXHWOuf-MrRIHdLg0fPXL3PzNnEJR8fgBV2rQJX936w7X_j0IDAJFl248HzipjONoKm_CA_xoX66riKmGSlPoc2UZAID0dvog,6858243090,2022-06-13T10:05:18.356495,,0x7f268357a8c2552623316e2562d90e642bb538e5,1,ETH,91045.73
boredapeyachtclub,Bored Ape Yacht Club,https://opensea.io/collection/boredapeyachtclub,23141644,,,2021-04-22T03:03:43.731860,https://opensea.io/assets/ethereum/0xbc4ca0eda7647a8ab7c2061c2e118a18a936f13d/8247,https://lh3.googleusercontent.com/Cmlt95WlZoCF0nzfqFvR_DX0uaHkWAPrHpfn9m6Cfkye3Om39k9qvH7wEwxpk0P56FMfWVnxAWnVMvr8CcREkNfC2XY8MUdjnhid,6857898703,2022-06-13T09:38:28.959510,,0x7f268357a8c2552623316e2562d90e642bb538e5,1,ETH,90422.13
boredapeyachtclub,Bored Ape Yacht Club,https://opensea.io/collection/boredapeyachtclub,23132638,,,2021-04-22T03:03:43.731860,https://opensea.io/assets/ethereum/0xbc4ca0eda7647a8ab7c2061c2e118a18a936f13d/2296,https://lh3.googleusercontent.com/snApWD4_hIvtIaUDvIny6lOtjJsFL0GIBmtBH6RWrMycBkdkJHnZxNJXIOdaXwuMGUDEVob_ztZNRkn2Epz46Gbo6IR406F1MDEB,6857871015,2022-06-13T09:36:19.721050,,0x7f268357a8c2552623316e2562d90e642bb538e5,1,WETH,67.0
boredapeyachtclub,Bored Ape Yacht Club,https://opensea.io/collection/boredapeyachtclub,23137136,,,2021-04-22T03:03:43.731860,https://opensea.io/assets/ethereum/0xbc4ca0eda7647a8ab7c2061c2e118a18a936f13d/5075,https://lh3.googleusercontent.com/8AwNKWyYqaddCg6MhII94X1JzGf_l5klNJVDEtjElBwcv1rHMFDay2-H8Q4BlEEkPQQ5gATQgjh5y6rKkbP_0In1r0X3wnLSpiKZbg,6857674196,2022-06-13T09:21:05.317280,,0x7f268357a8c2552623316e2562d90e642bb538e5,1,WETH,71.2
boredapeyachtclub,Bored Ape Yacht Club,https://opensea.io/collection/boredapeyachtclub,23133535,,,2021-04-22T03:03:43.731860,https://opensea.io/assets/ethereum/0xbc4ca0eda7647a8ab7c2061c2e118a18a936f13d/2769,https://lh3.googleusercontent.com/AH-SQWtLNPewQEd47pT0Fq7fKKBdbx8BLgMSWLa7DYgbic3sHYBY3x8lf4YOv_obHclet0q9VOxRFclhjNvZK_gQyw2XsK2u6mJLbg,6855398123,2022-06-13T06:25:14.104244,,0x7f268357a8c2552623316e2562d90e642bb538e5,1,ETH,92916.54
boredapeyachtclub,Bored Ape Yacht Club,https://opensea.io/collection/boredapeyachtclub,23132701,,,2021-04-22T03:03:43.731860,https://opensea.io/assets/ethereum/0xbc4ca0eda7647a8ab7c2061c2e118a18a936f13d/2337,https://lh3.googleusercontent.com/6BuJThrguHoQIhPV8X6vp3aUPY3vSfJRYgqYbWqOtbNCE43rGVQObeIf6X8tZsJnWXG5BxoG9PpNr5hjlPaQN1kJ1GE0rMKFF3AV,6854950159,2022-06-13T05:52:34.236478,,0x7f268357a8c2552623316e2562d90e642bb538e5,1,ETH,108119.93
boredapeyachtclub,Bored Ape Yacht Club,https://opensea.io/collection/boredapeyachtclub,23135188,,,2021-04-22T03:03:43.731860,https://opensea.io/assets/ethereum/0xbc4ca0eda7647a8ab7c2061c2e118a18a936f13d/3701,https://lh3.googleusercontent.com/4sVHUj58hlOgq8cN7KAC3dM7YzEFE94b-n8KIvfInlBaH-isGqWoZuOOvmoMK6xBc4AogGZ6I53QMOh-ty1OQFOL4mXV6hqJv3HF,6854748141,2022-06-13T05:38:46.101480,,0x7f268357a8c2552623316e2562d90e642bb538e5,1,ETH,93527.67
boredapeyachtclub,Bored Ape Yacht Club,https://opensea.io/collection/boredapeyachtclub,23138757,,,2021-04-22T03:03:43.731860,https://opensea.io/assets/ethereum/0xbc4ca0eda7647a8ab7c2061c2e118a18a936f13d/6200,https://lh3.googleusercontent.com/q3YbnuDHxe-1jzh2GUBDRabCMtVI0Ivs55VziZHBXXFH7gnm-oF1NQbX76bLncpS6dEF8NU_E26uq4p2J9rAxmcl93BAeDUczMBoBQ,6854671962,2022-06-13T05:33:34.345659,,0x7f268357a8c2552623316e2562d90e642bb538e5,1,WETH,98.0
boredapeyachtclub,Bored Ape Yacht Club,https://opensea.io/collection/boredapeyachtclub,23096488,,,2021-04-22T03:03:43.731860,https://opensea.io/assets/ethereum/0xbc4ca0eda7647a8ab7c2061c2e118a18a936f13d/393,https://lh3.googleusercontent.com/Uw1ihN-gDa712tbgAg2jaR6yc7KFW-2AJKVRSEx5dQ_MK6tHKonO79S2Qq3YS8OXGX77zCgp6CPszT5nGPsT-IXm2gmMxBzKa7JRew,6854629602,2022-06-13T05:30:44.616465,,0x7f268357a8c2552623316e2562d90e642bb538e5,1,ETH,147169.82
boredapeyachtclub,Bored Ape Yacht Club,https://opensea.io/collection/boredapeyachtclub,23143296,,,2021-04-22T03:03:43.731860,https://opensea.io/assets/ethereum/0xbc4ca0eda7647a8ab7c2061c2e118a18a936f13d/9605,https://lh3.googleusercontent.com/5NcajRXjyS0PyQ8yHCaea7f4PoAXRQ5RUOaaM415zkD9j0uzX1owzoP8NyX4fc83H3B9-46sgZdgTozTstCE0R_svWyGzwIzcr-pgA,6853936668,2022-06-13T04:44:54.813350,,0x7f268357a8c2552623316e2562d90e642bb538e5,1,WETH,70.0
boredapeyachtclub,Bored Ape Yacht Club,https://opensea.io/collection/boredapeyachtclub,23139930,,,2021-04-22T03:03:43.731860,https://opensea.io/assets/ethereum/0xbc4ca0eda7647a8ab7c2061c2e118a18a936f13d/6971,https://lh3.googleusercontent.com/iyLuK9dN90Yxd_7Xg5ceS7uV7gt_dyZmgIRCZ4I3NuCy8kj1-tQURm25mKqIlaUdxQbZvTnuHtyCRln0h3W4eHgQsZgVQHm470G91A,6852827156,2022-06-13T03:29:01.245226,,0x7f268357a8c2552623316e2562d90e642bb538e5,1,ETH,96034.54
boredapeyachtclub,Bored Ape Yacht Club,https://opensea.io/collection/boredapeyachtclub,23142720,,,2021-04-22T03:03:43.731860,https://opensea.io/assets/ethereum/0xbc4ca0eda7647a8ab7c2061c2e118a18a936f13d/9091,https://lh3.googleusercontent.com/GNppSHcmF0XPH0A8v2d5IXjVUeVpNWJfQhzkMFeD0Ev3KejSu0CYbPlD5FY8Fq5SpmnCsLxbdp6PBli5fbh799bJCj4zuynG_9Nh_Q,6852712725,2022-06-13T03:21:13.840186,,0x7f268357a8c2552623316e2562d90e642bb538e5,1,WETH,85.0
boredapeyachtclub,Bored Ape Yacht Club,https://opensea.io/collection/boredapeyachtclub,23137415,,,2021-04-22T03:03:43.731860,https://opensea.io/assets/ethereum/0xbc4ca0eda7647a8ab7c2061c2e118a18a936f13d/5239,https://lh3.googleusercontent.com/SHsX0jZ14L7wTbIe9Lb7oZb-sjFFSYfKvii5MizGQxjm671ZquqykQHtD94Xg6d5TXOl5at7Rs0LCvDblWH-p06QsX57DNzqTSAsVQ,6852654121,2022-06-13T03:17:05.592722,,0x7f268357a8c2552623316e2562d90e642bb538e5,1,ETH,97281.74
boredapeyachtclub,Bored Ape Yacht Club,https://opensea.io/collection/boredapeyachtclub,23131288,,,2021-04-22T03:03:43.731860,https://opensea.io/assets/ethereum/0xbc4ca0eda7647a8ab7c2061c2e118a18a936f13d/1728,https://lh3.googleusercontent.com/uc0QTbdRapcJ4YFOmf5Nwjs9jGZXeO4hUh3lDfb2t6_SqBeXnb6RU5WKqzXrv8XrnsVLtjrAScyamji8NvsH_1YfOC2o4B2kPcSvYg,6852081474,2022-06-13T02:36:13.040907,,0x7f268357a8c2552623316e2562d90e642bb538e5,1,WETH,75.0
boredapeyachtclub,Bored Ape Yacht Club,https://opensea.io/collection/boredapeyachtclub,23050538,,,2021-04-22T03:03:43.731860,https://opensea.io/assets/ethereum/0xbc4ca0eda7647a8ab7c2061c2e118a18a936f13d/351,https://lh3.googleusercontent.com/dh6tP23tgKOTdsO9gNCaZHHOkM1r_CP6lq1Uj990_39CungEyryuZr5EEzQu5RXj4k1ct_8_Kcm95bMlTPXT5JflwxbRsCIR-qr9GQ,6851803079,2022-06-13T02:16:43.351953,,0x7f268357a8c2552623316e2562d90e642bb538e5,1,WETH,82.5
